id,email,name,surname,school_level_id,encrypted_password,confirmed,location_id,active
1,desy@morganspa.com,DESY,Admin User,1,$2a$10$cYhg.56MyhynUwPpK16QGuQ1XtXcKvy/MfmsPIEJNylfWxo2DkCrq,t,40,t
2,toostrong@morganspa.com,Kassandra,Scarlet,2,$2a$10$zKKRTrJtz9s2Lm1SUbtE3uUvnqEpQ/FR9XzsNxlPy5tsEehWN/P5u,t,41,t
3,fupete@morganspa.com,Victor,Plum,3,$2a$10$wiSN3Lw.ObyVw0QYT4gqYuusjh0ztk6kTn.4PKHHnoyn6C7l8FZhi,t,42,t
4,jeg@morganspa.com,Jack,Mustard,2,$2a$10$qw4fD01rsHVwZoH67EhFc.dI91OT/hCH1Q5TnjJslhBymIxbrbWIC,t,43,t
5,holly@morganspa.com,Jacob,Green,1,$2a$10$tkynTNmKi8Nc5pTgvx0p2.7nW3HbphVK46YA96Zslvj26Akfhvqi6,t,44,t
6,benji@morganspa.com,Diane,White,1,$2a$10$dGxQFNf62d8iEji.d1xykuFKsskTHrAs4MY0Aq/oqpf2B3biD39I6,t,45,t
7,retlaw@morganspa.com,Eleanor,Peacock,3,$2a$10$dmoi7A5O7nbPHcLexvVfWeOk9avlG1GRT1Kc3juDFSOPrxJ85Jk0a,t,46,t
8,desy1@morganspa.com,DESY,Admin User 1,1,$2a$10$fqP/GluQPTCmmsBlVtR7MumjTfsLqbDRshZqFyaGl8KKxhxa56nva,t,47,t
9,desy2@morganspa.com,DESY,Admin User 2,1,$2a$10$JtAF2hKJbslxRbErnND82umN8sKyD1Crimv5DOqVIxL3TBLDWn..i,t,48,t
10,desy3@morganspa.com,DESY,Admin User 3,1,$2a$10$EuI9eayltXY8V7AaAHjZ0.p2.RWkN3PKZh.36z.0e.uaSIx6qT4LG,t,49,t
11,desy4@morganspa.com,DESY,Admin User 4,1,$2a$10$VW422MTOAs/YTF2xFURUXeqrJLd./8ZEpyZ2bH7ByY0GDtkWARPgO,t,50,t
12,desy5@morganspa.com,DESY,Admin User 5,1,$2a$10$Z4kECgkTbiO8hDPuWsypKuiER8Y0m50vM0oDhI129BcKB5OkzpH3C,t,51,t
13,desy6@morganspa.com,DESY,Admin User 6,1,$2a$10$YEreD9KygB0P7s02ByQTYOjGdSJdIw2BZt9htNjizqDSjqDcZSzla,t,52,t
